ID,Name,GPA,Major
1.00,'Alice Johnson',3.50,'Computer Science'
2.00,'Bob Smith',3.60,'Electrical Engineering'
3.00,'Catherine Lee',3.90,'Mathematics'
4.00,'Dave Brown',3.20,'Physics'
5.00,'Eva White',3.80,'Chemistry'
---------------------
CourseID,CourseName,Department
101.00,'Introduction to Computer Science','Computer Science'
102.00,'Circuit Analysis','Electrical Engineering'
103.00,'Linear Algebra','Mathematics'
104.00,'Quantum Mechanics','Physics'
105.00,'Organic Chemistry','Chemistry'
---------------------
ID,Name,GPA,Major
1.00,'Alice Johnson',4.00,'Computer Science'
2.00,'Bob Smith',3.60,'Electrical Engineering'
3.00,'Catherine Lee',3.90,'Mathematics'
5.00,'Eva White',3.80,'Chemistry'
---------------------
student.Name,enrollment.CourseID
'Alice Johnson',101.00
'Alice Johnson',103.00
---------------------
CourseID,CourseName,Department
101.00,'Introduction to Computer Science','Computer Science'
102.00,'Circuit Analysis','Electrical Engineering'
103.00,'Linear Algebra','Mathematics'
105.00,'Organic Chemistry','Chemistry'
---------------------
